<!DOCTYPE hibernate-configuration PUBLIC
        "-//Hibernate/Hibernate Configuration DTD 3.0//EN"
        "http://hibernate.sourceforge.net/hibernate-configuration-3.0.dtd">
<hibernate-configuration>
    <session-factory>
        <!-- configuracion de conexion de base de datos -->
        <property name="connection.driver_class">com.mysql.cj.jdbc.Driver</property>
        <property name="connection.url">jdbc:mysql://localhost:3306/HospitalApp</property>
        <property name="connection.username">root</property>
        <property name="connection.password"></property>
        <property name="dialect">org.hibernate.dialect.MySQLDialect</property>
        <property name="show_sql">true</property>
        <property name="hbm2ddl.auto">update</property>
        <property name="c3p0.min_size">5</property>
        <property name="c3p0.max_size">20</property>
        <property name="c3p0.timeout">300</property>
        <property name="c3p0.max_statements">50</property>
        <property name="c3p0.idle_test_period">3000</property>

        <!-- clases mapeadas -->
        <mapping class="examen.Paciente"/>
        <mapping class="examen.Medico"/>
        <mapping class="examen.Cita"/>
    </session-factory>
</hibernate-configuration>
