<?xml version="1.0" encoding="UTF-8"?>
<!DOCTYPE hibernate-configuration PUBLIC
        "-//Hibernate/Hibernate Configuration DTD 3.0//EN"
        "http://www.hibernate.org/dtd/hibernate-configuration-3.0.dtd">
<hibernate-configuration>
    <session-factory>
        <!-- Database connection settings -->
        <property name="connection.driver_class">com.mysql.cj.jdbc.Driver</property>
        <property name="connection.url">jdbc:mysql://localhost:3306/instituto</property>
        <property name="connection.username">root</property>
        <property name="connection.password"></property>

        <!-- Especificar el dialecto para MySQL -->
        <property name="hibernate.dialect">org.hibernate.dialect.MySQL8Dialect</property>

        <property name="show_sql">true</property>
        <property name="current_session_context_class">thread</property>

        
        <property name="hibernate.connection.url">
    		jdbc:mysql://localhost:3306/instituto?zeroDateTimeBehavior=convertToNull
		</property>

        <mapping class="modelo.Alumnos" />
    </session-factory>
</hibernate-configuration>
